{"cameraMode":{"drawMode":0,"name":"Shaded","section":"Shading Mode"},"sceneLighting":false,"audioPlay":false,"sceneViewState":{"showFog":true,"showMaterialUpdate":false,"showSkybox":true,"showFlares":true,"showImageEffects":true,"showParticleSystems":true,"showVisualEffectGraphs":true,"m_FxEnabled":true},"in2DMode":false,"pivot":{"x":-17.059999465942384,"y":-0.9900001287460327,"z":15.30952262878418},"rotation":{"x":0.26398003101348879,"y":0.03326648846268654,"z":-0.009098860435187817,"w":0.9639119505882263},"size":10.452264785766602,"orthographic":false}